{
  "anchors": [
    4.16,
    4.06,
    0.8,
    0.84,
    3.0,
    2.86,
    1.53,
    1.44,
    2.08,
    2.2
  ],
  "inputs": {
    "input0": [
      224,
      224,
      3
    ]
  },
  "outputs": {
    "output0": [
      7,
      7,
      30
    ]
  },
  "params_quantity": 1856046,
  "loss": [
    [
      1,
      1.26658
    ],
    [
      2,
      1.14519
    ],
    [
      3,
      1.08733
    ],
    [
      4,
      1.14608
    ],
    [
      5,
      1.00442
    ],
    [
      6,
      0.66842
    ],
    [
      7,
      0.41359
    ],
    [
      8,
      0.35331
    ],
    [
      9,
      0.18001
    ],
    [
      10,
      0.11776
    ],
    [
      11,
      0.10783
    ],
    [
      12,
      0.09673
    ],
    [
      13,
      0.08978
    ],
    [
      14,
      0.06261
    ],
    [
      15,
      0.08056
    ],
    [
      16,
      0.12972
    ],
    [
      17,
      0.0572
    ],
    [
      18,
      0.05313
    ],
    [
      19,
      0.04179
    ],
    [
      20,
      0.05039
    ],
    [
      21,
      0.03994
    ],
    [
      22,
      0.08577
    ],
    [
      23,
      0.06088
    ],
    [
      24,
      0.07596
    ],
    [
      25,
      0.04539
    ],
    [
      26,
      0.07654
    ],
    [
      27,
      0.05212
    ],
    [
      28,
      0.04784
    ],
    [
      29,
      0.02962
    ],
    [
      30,
      0.02637
    ],
    [
      31,
      0.0305
    ],
    [
      32,
      0.0269
    ],
    [
      33,
      0.02496
    ],
    [
      34,
      0.02859
    ],
    [
      35,
      0.03113
    ],
    [
      36,
      0.02283
    ],
    [
      37,
      0.02271
    ],
    [
      38,
      0.01987
    ],
    [
      39,
      0.01824
    ],
    [
      40,
      0.01759
    ],
    [
      41,
      0.01801
    ],
    [
      42,
      0.01778
    ],
    [
      43,
      0.01457
    ],
    [
      44,
      0.01551
    ],
    [
      45,
      0.0132
    ],
    [
      46,
      0.01269
    ],
    [
      47,
      0.01379
    ],
    [
      48,
      0.0134
    ],
    [
      49,
      0.01496
    ],
    [
      50,
      0.01562
    ],
    [
      51,
      0.01414
    ],
    [
      52,
      0.01379
    ],
    [
      53,
      0.01578
    ],
    [
      54,
      0.01384
    ],
    [
      55,
      0.01288
    ],
    [
      56,
      0.01592
    ],
    [
      57,
      0.01658
    ],
    [
      58,
      0.01292
    ],
    [
      59,
      0.01236
    ],
    [
      60,
      0.01282
    ],
    [
      61,
      0.01241
    ],
    [
      62,
      0.01187
    ],
    [
      63,
      0.01155
    ],
    [
      64,
      0.01039
    ],
    [
      65,
      0.00926
    ],
    [
      66,
      0.00905
    ],
    [
      67,
      0.00983
    ],
    [
      68,
      0.01005
    ],
    [
      69,
      0.00911
    ],
    [
      70,
      0.00911
    ],
    [
      71,
      0.0088
    ],
    [
      72,
      0.00841
    ],
    [
      73,
      0.00831
    ],
    [
      74,
      0.0085
    ],
    [
      75,
      0.0078
    ],
    [
      76,
      0.00791
    ],
    [
      77,
      0.00705
    ],
    [
      78,
      0.00722
    ],
    [
      79,
      0.00706
    ],
    [
      80,
      0.00937
    ],
    [
      81,
      0.00898
    ],
    [
      82,
      0.00988
    ],
    [
      83,
      0.00963
    ],
    [
      84,
      0.0081
    ],
    [
      85,
      0.00836
    ],
    [
      86,
      0.00798
    ],
    [
      87,
      0.00789
    ],
    [
      88,
      0.00701
    ],
    [
      89,
      0.00691
    ],
    [
      90,
      0.00669
    ],
    [
      91,
      0.00649
    ],
    [
      92,
      0.00672
    ],
    [
      93,
      0.00658
    ],
    [
      94,
      0.00643
    ],
    [
      95,
      0.00621
    ],
    [
      96,
      0.00677
    ],
    [
      97,
      0.00628
    ],
    [
      98,
      0.0065
    ],
    [
      99,
      0.00636
    ],
    [
      100,
      0.00626
    ]
  ],
  "acc": [
    [
      1,
      0.17184
    ],
    [
      2,
      0.31977
    ],
    [
      3,
      0.28793
    ],
    [
      4,
      0.30449
    ],
    [
      5,
      0.33983
    ],
    [
      6,
      0.35913
    ],
    [
      7,
      0.27895
    ],
    [
      8,
      0.23481
    ],
    [
      9,
      0.23137
    ],
    [
      10,
      0.24636
    ],
    [
      11,
      0.26741
    ],
    [
      12,
      0.28554
    ],
    [
      13,
      0.28466
    ],
    [
      14,
      0.2835
    ],
    [
      15,
      0.27983
    ],
    [
      16,
      0.28344
    ],
    [
      17,
      0.29364
    ],
    [
      18,
      0.30717
    ],
    [
      19,
      0.31615
    ],
    [
      20,
      0.32251
    ],
    [
      21,
      0.32431
    ],
    [
      22,
      0.32455
    ],
    [
      23,
      0.32828
    ],
    [
      24,
      0.33353
    ],
    [
      25,
      0.34332
    ],
    [
      26,
      0.34251
    ],
    [
      27,
      0.34175
    ],
    [
      28,
      0.33341
    ],
    [
      29,
      0.32647
    ],
    [
      30,
      0.31691
    ],
    [
      31,
      0.31481
    ],
    [
      32,
      0.32064
    ],
    [
      33,
      0.3214
    ],
    [
      34,
      0.32805
    ],
    [
      35,
      0.33656
    ],
    [
      36,
      0.33399
    ],
    [
      37,
      0.33708
    ],
    [
      38,
      0.33773
    ],
    [
      39,
      0.33802
    ],
    [
      40,
      0.33726
    ],
    [
      41,
      0.33808
    ],
    [
      42,
      0.33388
    ],
    [
      43,
      0.33685
    ],
    [
      44,
      0.33289
    ],
    [
      45,
      0.33446
    ],
    [
      46,
      0.33376
    ],
    [
      47,
      0.33429
    ],
    [
      48,
      0.33242
    ],
    [
      49,
      0.33388
    ],
    [
      50,
      0.33213
    ],
    [
      51,
      0.33224
    ],
    [
      52,
      0.33271
    ],
    [
      53,
      0.33399
    ],
    [
      54,
      0.3337
    ],
    [
      55,
      0.32886
    ],
    [
      56,
      0.33411
    ],
    [
      57,
      0.33248
    ],
    [
      58,
      0.32945
    ],
    [
      59,
      0.33271
    ],
    [
      60,
      0.33347
    ],
    [
      61,
      0.33481
    ],
    [
      62,
      0.33254
    ],
    [
      63,
      0.33364
    ],
    [
      64,
      0.33294
    ],
    [
      65,
      0.33534
    ],
    [
      66,
      0.33411
    ],
    [
      67,
      0.33026
    ],
    [
      68,
      0.33184
    ],
    [
      69,
      0.33475
    ],
    [
      70,
      0.33528
    ],
    [
      71,
      0.33534
    ],
    [
      72,
      0.33685
    ],
    [
      73,
      0.33726
    ],
    [
      74,
      0.3379
    ],
    [
      75,
      0.33633
    ],
    [
      76,
      0.33953
    ],
    [
      77,
      0.33913
    ],
    [
      78,
      0.3407
    ],
    [
      79,
      0.33983
    ],
    [
      80,
      0.34047
    ],
    [
      81,
      0.33761
    ],
    [
      82,
      0.33603
    ],
    [
      83,
      0.33405
    ],
    [
      84,
      0.33493
    ],
    [
      85,
      0.33493
    ],
    [
      86,
      0.33668
    ],
    [
      87,
      0.33609
    ],
    [
      88,
      0.33318
    ],
    [
      89,
      0.33399
    ],
    [
      90,
      0.33423
    ],
    [
      91,
      0.33714
    ],
    [
      92,
      0.33446
    ],
    [
      93,
      0.3372
    ],
    [
      94,
      0.33499
    ],
    [
      95,
      0.33318
    ],
    [
      96,
      0.33778
    ],
    [
      97,
      0.33603
    ],
    [
      98,
      0.33603
    ],
    [
      99,
      0.33306
    ],
    [
      100,
      0.33446
    ]
  ],